{"cameraMode":{"drawMode":0,"name":"Shaded","section":"Shading Mode"},"sceneLighting":true,"audioPlay":false,"sceneViewState":{"m_AlwaysRefresh":false,"showFog":true,"showSkybox":true,"showFlares":true,"showImageEffects":true,"showParticleSystems":true,"showVisualEffectGraphs":true,"m_FxEnabled":true},"in2DMode":false,"pivot":{"x":208.8300018310547,"y":30.559999465942384,"z":0.33000001311302187},"rotation":{"x":0.2370612621307373,"y":-0.08537860959768295,"z":0.02167225070297718,"w":0.9676976203918457},"size":9.282791137695313,"orthographic":false}